Vehicle,Household
Vehicle 1,Household 1
Vehicle 2,Household 2
Vehicle 3,Household 2
Vehicle 4,Household 3
Vehicle 5,Household 4
Vehicle 6,Household 5
Vehicle 7,Household 6
Vehicle 8,Household 7
Vehicle 9,Household 7
Vehicle 10,Household 8
Vehicle 11,Household 8
Vehicle 12,Household 9
Vehicle 13,Household 10
Vehicle 14,Household 10
Vehicle 15,Household 11
Vehicle 16,Household 11
Vehicle 17,Household 12
Vehicle 18,Household 13
Vehicle 19,Household 14
Vehicle 20,Household 14
Vehicle 21,Household 15
Vehicle 22,Household 15
Vehicle 23,Household 16
Vehicle 24,Household 17
Vehicle 25,Household 18
Vehicle 26,Household 18
Vehicle 27,Household 18
Vehicle 28,Household 19
Vehicle 29,Household 20
Vehicle 30,Household 21
Vehicle 31,Household 21
Vehicle 32,Household 22
Vehicle 33,Household 23
Vehicle 34,Household 23
Vehicle 35,Household 23
Vehicle 36,Household 24
Vehicle 37,Household 24
Vehicle 38,Household 25
Vehicle 39,Household 25
Vehicle 40,Household 25
Vehicle 41,Household 26
Vehicle 42,Household 27
Vehicle 43,Household 27
Vehicle 44,Household 28
Vehicle 45,Household 28
Vehicle 46,Household 29
Vehicle 47,Household 30
Vehicle 48,Household 30
Vehicle 49,Household 30
Vehicle 50,Household 30
Vehicle 51,Household 30
Vehicle 52,Household 30
Vehicle 53,Household 31
Vehicle 54,Household 31
Vehicle 55,Household 32
Vehicle 56,Household 32
Vehicle 57,Household 33
Vehicle 58,Household 33
Vehicle 59,Household 33
Vehicle 60,Household 34
Vehicle 61,Household 34
Vehicle 62,Household 34
Vehicle 63,Household 34
Vehicle 64,Household 35
Vehicle 65,Household 35
Vehicle 66,Household 36
Vehicle 67,Household 37
Vehicle 68,Household 37
Vehicle 69,Household 38
Vehicle 70,Household 39
Vehicle 71,Household 39
Vehicle 72,Household 39
Vehicle 73,Household 40
Vehicle 74,Household 40
Vehicle 75,Household 41
Vehicle 76,Household 41
Vehicle 77,Household 42
Vehicle 78,Household 42
Vehicle 79,Household 43
Vehicle 80,Household 43
Vehicle 81,Household 44
Vehicle 82,Household 44
Vehicle 83,Household 44
Vehicle 84,Household 45
Vehicle 85,Household 46
Vehicle 86,Household 46
Vehicle 87,Household 47
Vehicle 88,Household 48
Vehicle 89,Household 48
Vehicle 90,Household 48
Vehicle 91,Household 49
Vehicle 92,Household 49
Vehicle 93,Household 50
Vehicle 94,Household 50
Vehicle 95,Household 51
Vehicle 96,Household 51
Vehicle 97,Household 52
Vehicle 98,Household 52
Vehicle 99,Household 53
Vehicle 100,Household 53
Vehicle 101,Household 54
Vehicle 102,Household 54
Vehicle 103,Household 55
Vehicle 104,Household 55
Vehicle 105,Household 56
Vehicle 106,Household 57
Vehicle 107,Household 57
Vehicle 108,Household 57
Vehicle 109,Household 58
Vehicle 110,Household 58
Vehicle 111,Household 59
Vehicle 112,Household 60
Vehicle 113,Household 61
Vehicle 114,Household 62
Vehicle 115,Household 62
Vehicle 116,Household 63
Vehicle 117,Household 63
Vehicle 118,Household 64
Vehicle 119,Household 64
Vehicle 120,Household 65
Vehicle 121,Household 66
Vehicle 122,Household 67
Vehicle 123,Household 67
Vehicle 124,Household 68
Vehicle 125,Household 69
Vehicle 126,Household 70
Vehicle 127,Household 70
Vehicle 128,Household 71
Vehicle 129,Household 72
Vehicle 130,Household 73
Vehicle 131,Household 73
Vehicle 132,Household 74
Vehicle 133,Household 75
Vehicle 134,Household 75
Vehicle 135,Household 76
Vehicle 136,Household 76
Vehicle 137,Household 77
Vehicle 138,Household 77
Vehicle 139,Household 78
Vehicle 140,Household 79
Vehicle 141,Household 80
Vehicle 142,Household 81
Vehicle 143,Household 81
Vehicle 144,Household 81
Vehicle 145,Household 81
Vehicle 146,Household 81
Vehicle 147,Household 82
Vehicle 148,Household 82
Vehicle 149,Household 83
Vehicle 150,Household 83
Vehicle 151,Household 84
Vehicle 152,Household 85
Vehicle 153,Household 85
Vehicle 154,Household 86
Vehicle 155,Household 86
Vehicle 156,Household 87
Vehicle 157,Household 87
Vehicle 158,Household 87
Vehicle 159,Household 88
Vehicle 160,Household 88
Vehicle 161,Household 88
Vehicle 162,Household 89
Vehicle 163,Household 89
Vehicle 164,Household 90
Vehicle 165,Household 91
Vehicle 166,Household 91
Vehicle 167,Household 92
Vehicle 168,Household 92
Vehicle 169,Household 92
Vehicle 170,Household 92
Vehicle 171,Household 92
Vehicle 172,Household 92
Vehicle 173,Household 93
Vehicle 174,Household 93
Vehicle 175,Household 94
Vehicle 176,Household 94
Vehicle 177,Household 95
Vehicle 178,Household 95
Vehicle 179,Household 96
Vehicle 180,Household 96
Vehicle 181,Household 96
Vehicle 182,Household 97
Vehicle 183,Household 97
Vehicle 184,Household 98
Vehicle 185,Household 98
Vehicle 186,Household 99
Vehicle 187,Household 100
Vehicle 188,Household 101
Vehicle 189,Household 102
Vehicle 190,Household 103
Vehicle 191,Household 103
Vehicle 192,Household 104
Vehicle 193,Household 105
Vehicle 194,Household 105
Vehicle 195,Household 106
Vehicle 196,Household 107
Vehicle 197,Household 108
Vehicle 198,Household 108
Vehicle 199,Household 109
Vehicle 200,Household 110
Vehicle 201,Household 110
Vehicle 202,Household 111
Vehicle 203,Household 112
Vehicle 204,Household 113
Vehicle 205,Household 113
Vehicle 206,Household 114
Vehicle 207,Household 114
Vehicle 208,Household 115
Vehicle 209,Household 116
Vehicle 210,Household 116
Vehicle 211,Household 117
Vehicle 212,Household 117
Vehicle 213,Household 118
Vehicle 214,Household 118
Vehicle 215,Household 119
Vehicle 216,Household 119
Vehicle 217,Household 120
Vehicle 218,Household 120
Vehicle 219,Household 121
Vehicle 220,Household 121
Vehicle 221,Household 122
Vehicle 222,Household 123
Vehicle 223,Household 123
Vehicle 224,Household 124
Vehicle 225,Household 124
Vehicle 226,Household 125
Vehicle 227,Household 126
Vehicle 228,Household 126
Vehicle 229,Household 127
Vehicle 230,Household 128
Vehicle 231,Household 129
Vehicle 232,Household 129
Vehicle 233,Household 130
Vehicle 234,Household 130
Vehicle 235,Household 131
Vehicle 236,Household 131
Vehicle 237,Household 131
Vehicle 238,Household 132
Vehicle 239,Household 133
Vehicle 240,Household 134
Vehicle 241,Household 134
Vehicle 242,Household 134
Vehicle 243,Household 135
Vehicle 244,Household 135
Vehicle 245,Household 136
Vehicle 246,Household 137
Vehicle 247,Household 138
Vehicle 248,Household 138
Vehicle 249,Household 139
Vehicle 250,Household 139
Vehicle 251,Household 140
Vehicle 252,Household 141
Vehicle 253,Household 141
Vehicle 254,Household 142
Vehicle 255,Household 142
Vehicle 256,Household 143
Vehicle 257,Household 143
Vehicle 258,Household 144
Vehicle 259,Household 144
Vehicle 260,Household 145
Vehicle 261,Household 146
Vehicle 262,Household 146
Vehicle 263,Household 147
Vehicle 264,Household 148
Vehicle 265,Household 149
Vehicle 266,Household 149
Vehicle 267,Household 150
Vehicle 268,Household 150
Vehicle 269,Household 151
Vehicle 270,Household 151
Vehicle 271,Household 151
Vehicle 272,Household 152
Vehicle 273,Household 152
Vehicle 274,Household 153
Vehicle 275,Household 154
Vehicle 276,Household 155
Vehicle 277,Household 155
Vehicle 278,Household 156
Vehicle 279,Household 157
Vehicle 280,Household 158
Vehicle 281,Household 158
Vehicle 282,Household 158
Vehicle 283,Household 158
Vehicle 284,Household 158
Vehicle 285,Household 159
Vehicle 286,Household 160
Vehicle 287,Household 160
Vehicle 288,Household 160
Vehicle 289,Household 161
Vehicle 290,Household 162
Vehicle 291,Household 162
Vehicle 292,Household 163
Vehicle 293,Household 164
Vehicle 294,Household 165
Vehicle 295,Household 165
Vehicle 296,Household 166
Vehicle 297,Household 167
Vehicle 298,Household 167
Vehicle 299,Household 168
Vehicle 300,Household 168
Vehicle 301,Household 169
Vehicle 302,Household 170
Vehicle 303,Household 170
Vehicle 304,Household 171
Vehicle 305,Household 171
Vehicle 306,Household 172
Vehicle 307,Household 173
Vehicle 308,Household 174
Vehicle 309,Household 174
Vehicle 310,Household 175
Vehicle 311,Household 175
Vehicle 312,Household 176
Vehicle 313,Household 176
Vehicle 314,Household 177
Vehicle 315,Household 178
Vehicle 316,Household 179
Vehicle 317,Household 179
Vehicle 318,Household 180
Vehicle 319,Household 180
Vehicle 320,Household 181
Vehicle 321,Household 182
Vehicle 322,Household 183
Vehicle 323,Household 183
Vehicle 324,Household 184
Vehicle 325,Household 185
Vehicle 326,Household 186
Vehicle 327,Household 186
Vehicle 328,Household 187
Vehicle 329,Household 188
Vehicle 330,Household 188
Vehicle 331,Household 189
Vehicle 332,Household 190
Vehicle 333,Household 190
Vehicle 334,Household 191
Vehicle 335,Household 192
Vehicle 336,Household 192
Vehicle 337,Household 193
Vehicle 338,Household 194
Vehicle 339,Household 194
Vehicle 340,Household 195
Vehicle 341,Household 196
Vehicle 342,Household 196
Vehicle 343,Household 197
Vehicle 344,Household 198
Vehicle 345,Household 199
Vehicle 346,Household 199
Vehicle 347,Household 200
Vehicle 348,Household 200
